genus,success,error_msg,original_records,filtered_records,status
Cymbidium,TRUE,,2141,2127,Success
Caladenia,TRUE,,33682,33300,Success
Dipodium,TRUE,,2261,2241,Success
Prasophyllum,TRUE,,9231,9126,Success
Pterostylis,TRUE,,28968,28670,Success
Diuris,TRUE,,10496,10443,Success
Microtis,TRUE,,6368,6261,Success
Gastrodia,TRUE,,1528,1509,Success
Calochilus,TRUE,,2110,2071,Success
Leptoceras,TRUE,,512,507,Success
Thelymitra,TRUE,,14022,13802,Success
Cryptostylis,TRUE,,1221,1203,Success
Pheladenia,TRUE,,891,869,Success
Caleana,TRUE,,1214,1207,Success
Chiloglottis,TRUE,,3328,3302,Success
Acianthus,TRUE,,2689,2635,Success
Corybas,TRUE,,4270,4216,Success
Cyrtostylis,TRUE,,1433,1399,Success
Spiranthes,TRUE,,13500,13427,Success
Townsonia,TRUE,,96,96,Success
Orthoceras,TRUE,,662,651,Success
Lyperanthus,TRUE,,580,560,Success
Pyrorchis,TRUE,,851,826,Success
Earina,TRUE,,693,686,Success
Waireia,TRUE,,159,159,Success
Eriochilus,TRUE,,2329,2298,Success
Disa,TRUE,,6533,6234,Success
Dendrobium,TRUE,,13266,13016,Success
Burnettia,TRUE,,151,148,Success
Sarcochilus,TRUE,,1076,1072,Success
Leporella,TRUE,,424,405,Success
Goodyera,TRUE,,10258,10134,Success
Liparis,TRUE,,9710,9662,Success
Arthrochilus,TRUE,,721,688,Success
Drakaea,TRUE,,630,618,Success
Spiculaea,TRUE,,107,107,Success
Adenochilus,TRUE,,255,253,Success
Erythrorchis,TRUE,,214,214,Success
Calanthe,TRUE,,4198,4179,Success
Bulbophyllum,TRUE,,18458,18404,Success
Plectorrhiza,TRUE,,434,433,Success
Arundina,TRUE,,633,516,Success
Thelasis,TRUE,,205,203,Success
Praecoxanthus,TRUE,,122,118,Success
Acriopsis,TRUE,,191,188,Success
Eulophia,TRUE,,11004,10943,Success
Hetaeria,TRUE,,510,459,Success
Oberonia,TRUE,,1571,1564,Success
Serapias,TRUE,,1582,1503,Success
Stigmatodactylus,TRUE,,224,221,Success
Rhizanthella,TRUE,,72,72,Success
Robiquetia,TRUE,,266,259,Success
Thrixspermum,TRUE,,510,501,Success
Taeniophyllum,TRUE,,481,478,Success
Zeuxine,TRUE,,720,548,Success
Apostasia,TRUE,,288,286,Success
Saccolabiopsis,TRUE,,55,53,Success
Pomatocalpa,TRUE,,194,191,Success
Corymborkis,TRUE,,851,835,Success
Trachoma,TRUE,,67,66,Success
Spathoglottis,TRUE,,863,776,Success
Pseudovanilla,TRUE,,89,83,Success
Rimacola,TRUE,,83,83,Success
Mobilabium,TRUE,,34,34,Success
Peristylus,TRUE,,599,587,Success
Ceratostylis,TRUE,,499,493,Success
Tainia,TRUE,,233,233,Success
Peristeranthus,TRUE,,41,39,Success
Cheirostylis,TRUE,,307,304,Success
Epipogium,TRUE,,996,983,Success
Nervilia,TRUE,,1015,989,Success
Aphyllorchis,TRUE,,147,146,Success
Trichoglottis,TRUE,,217,207,Success
Schoenorchis,TRUE,,228,224,Success
Genoplesium,TRUE,,6620,6505,Success
Epidendrum,TRUE,,33562,33474,Success
Sarcanthopsis,TRUE,,17,12,Success
Micropera,TRUE,,59,56,Success
Appendicula,TRUE,,894,889,Success
Danhatchia,TRUE,,44,42,Success
Chiloschista,TRUE,,83,76,Success
Tropidia,TRUE,,319,316,Success
Epiblema,TRUE,,79,76,Success
Vanilla,TRUE,,3248,3187,Success
Octarrhena,TRUE,,184,183,Success
Aporostylis,TRUE,,340,339,Success
Bryobium,TRUE,,210,202,Success
Pachystoma,TRUE,,60,59,Success
Rhinerrhiza,TRUE,,44,44,Success
Vanda,TRUE,,429,390,Success
Drymoanthus,TRUE,,190,188,Success
Brachypeza,TRUE,,38,35,Success
Cooktownia,TRUE,,4,4,Success
Anoectochilus,TRUE,,239,234,Success
Agrostophyllum,TRUE,,717,707,Success
Didymoplexis,TRUE,,93,91,Success
Rhomboda,TRUE,,150,148,Success
Habenaria,TRUE,,20399,20331,Success
Vrydagzynea,TRUE,,141,138,Success
Oncidium,TRUE,,4061,4017,Success
Bletilla,TRUE,,700,678,Success
Dienia,TRUE,,214,205,Success
Prosthechea,TRUE,,8089,8060,Success
Cypripedium,TRUE,,10494,10461,Success
Coelogyne,TRUE,,4356,4293,Success
Epipactis,TRUE,,14904,13714,Success
Corallorhiza,TRUE,,10987,10923,Success
Platanthera,TRUE,,32375,32201,Success
Holothrix,TRUE,,1233,1233,Success
Dactylorhiza,TRUE,,27755,27511,Success
Gymnadenia,TRUE,,7652,7608,Success
Rhynchostele,TRUE,,819,814,Success
Satyrium,TRUE,,4770,4752,Success
Lecanorchis,TRUE,,244,242,Success
Orchis,TRUE,,9412,9337,Success
Himantoglossum,TRUE,,1069,1062,Success
Galearis,TRUE,,1907,1903,Success
Renanthera,TRUE,,111,98,Success
Papilionanthe,TRUE,,53,35,Success
Ophrys,TRUE,,9305,9204,Success
Specklinia,TRUE,,2310,2293,Success
Triphora,TRUE,,327,319,Success
Neottia,TRUE,,14387,14216,Success
Cephalanthera,TRUE,,5510,5488,Success
Hammarbya,TRUE,,1896,1871,Success
Neotinea,TRUE,,2138,2112,Success
Anacamptis,TRUE,,6451,6402,Success
Miltonia,TRUE,,596,588,Success
Trichosalpinx,TRUE,,1092,1040,Success
Neuwiedia,TRUE,,92,90,Success
Paphiopedilum,TRUE,,334,303,Success
Maxillaria,TRUE,,19160,19121,Success
Aspasia,TRUE,,421,421,Success
Elleanthus,TRUE,,5025,5017,Success
Herminium,TRUE,,3271,3251,Success
Pecteilis,TRUE,,157,146,Success
Cynorkis,TRUE,,1870,1861,Success
Oxystophyllum,TRUE,,142,141,Success
Bonatea,TRUE,,328,325,Success
Pterygodium,TRUE,,1113,1110,Success
Disperis,TRUE,,1675,1675,Success
Cyrtopodium,TRUE,,2799,2785,Success
Ponthieva,TRUE,,1225,1221,Success
Eriaxis,TRUE,,35,35,Success
Brachycorythis,TRUE,,950,948,Success
Neobolusia,TRUE,,103,103,Success
Brachystele,TRUE,,296,251,Success
Stelis,TRUE,,11216,11195,Success
Lepanthes,TRUE,,4763,4759,Success
Crepidium,TRUE,,560,547,Success
Stichorkis,TRUE,,145,119,Success
Pilophyllum,TRUE,,7,7,Success
Pleione,TRUE,,334,331,Success
Dilochia,TRUE,,77,77,Success
Megastylis,TRUE,,95,95,Success
Chloraea,TRUE,,307,302,Success
Scaphyglottis,TRUE,,4629,4605,Success
Pinalia,TRUE,,823,816,Success
Dendrolirium,TRUE,,117,114,Success
Cymboglossum,TRUE,,171,171,Success
Trichotosia,TRUE,,508,502,Success
Galeandra,TRUE,,1044,1042,Success
Grammatophyllum,TRUE,,52,44,Success
Phreatia,TRUE,,743,736,Success
Rodriguezia,TRUE,,965,961,Success
Cyrtochilum,TRUE,,2074,2043,Success
Fernandezia,TRUE,,1082,1080,Success
Phalaenopsis,TRUE,,360,338,Success
Campylocentrum,TRUE,,2577,2572,Success
Stereochilus,TRUE,,2,2,Success
Ypsilopus,TRUE,,155,151,Success
Bromheadia,TRUE,,323,320,Success
Chrysoglossum,TRUE,,47,47,Success
Encyclia,TRUE,,3593,3551,Success
Hemipilia,TRUE,,1942,1896,Success
Pseudorchis,TRUE,,2603,2562,Success
Dichaea,TRUE,,3659,3649,Success
Rossioglossum,TRUE,,201,195,Success
Lycaste,TRUE,,549,541,Success
Psychopsis,TRUE,,48,46,Success
Sobralia,TRUE,,3838,3826,Success
Gomphichis,TRUE,,610,610,Success
Cyrtosia,TRUE,,289,288,Success
Macodes,TRUE,,32,30,Success
Odontochilus,TRUE,,318,317,Success
Malaxis,TRUE,,5315,5253,Success
Pleurothallis,TRUE,,7435,7418,Success
Nephelaphyllum,TRUE,,78,76,Success
Claderia,TRUE,,43,43,Success
Gavilea,TRUE,,187,186,Success
Domingoa,TRUE,,159,158,Success
Eria,TRUE,,471,452,Success
Podochilus,TRUE,,436,432,Success
Polystachya,TRUE,,8710,8683,Success
Bletia,TRUE,,2561,2559,Success
Govenia,TRUE,,1102,1102,Success
Cremastra,TRUE,,294,294,Success
Didymoplexiella,TRUE,,12,12,Success
Kylicanthe,TRUE,,53,52,Success
Trichocentrum,TRUE,,2971,2950,Success
Gomesa,TRUE,,6653,6614,Success
Arachnis,TRUE,,77,72,Success
Angraecum,TRUE,,6201,6176,Success
Uncifera,TRUE,,16,15,Success
Cleisostoma,TRUE,,551,546,Success
Aerangis,TRUE,,1822,1811,Success
Neocogniauxia,TRUE,,8,8,Success
Catasetum,TRUE,,2266,2252,Success
Gongora,TRUE,,656,640,Success
Cyclopogon,TRUE,,1850,1843,Success
Microchilus,TRUE,,2401,2388,Success
Stanhopea,TRUE,,536,523,Success
Barbosella,TRUE,,630,627,Success
Sarcoglottis,TRUE,,1145,1140,Success
Jacquiniella,TRUE,,1057,1050,Success
Nidema,TRUE,,643,642,Success
Acineta,TRUE,,45,45,Success
Coelia,TRUE,,274,272,Success
Notylia,TRUE,,742,739,Success
Brassia,TRUE,,898,892,Success
Bogoria,TRUE,,45,44,Success
Plectrelminthus,TRUE,,101,101,Success
Anthogonium,TRUE,,82,81,Success
Grosourdya,TRUE,,43,43,Success
Aglossorrhyncha,TRUE,,40,39,Success
Aerides,TRUE,,138,123,Success
Adenoncos,TRUE,,36,35,Success
Afropectinariella,TRUE,,185,184,Success
Epiblastus,TRUE,,62,62,Success
Glomera,TRUE,,458,451,Success
Cylindrolobus,TRUE,,173,172,Success
Aeridostachya,TRUE,,113,112,Success
Mycaranthes,TRUE,,262,257,Success
Callostylis,TRUE,,79,78,Success
Strongyleria,TRUE,,170,170,Success
Dilochiopsis,TRUE,,9,9,Success
Alatiliparis,TRUE,,23,20,Success
Microcoelia,TRUE,,498,494,Success
Mediocalcar,TRUE,,253,250,Success
Pteroceras,TRUE,,28,28,Success
Porrorhachis,TRUE,,7,7,Success
Plocoglottis,TRUE,,176,176,Success
Pescatoria,TRUE,,90,88,Success
Beclardia,TRUE,,28,24,Success
Pabstiella,TRUE,,2280,2277,Success
Phragmipedium,TRUE,,414,411,Success
Erycina,TRUE,,1045,1041,Success
Cleistes,TRUE,,1579,1573,Success
Epistephium,TRUE,,1828,1815,Success
Lockhartia,TRUE,,997,986,Success
Saccolabium,TRUE,,4,4,Success
Gastrochilus,TRUE,,395,392,Success
Microsaccus,TRUE,,17,17,Success
Vandopsis,TRUE,,22,17,Success
Galeola,TRUE,,119,111,Success
Palmorchis,TRUE,,248,248,Success
Ancistrorhynchus,TRUE,,475,471,Success
Tridactyle,TRUE,,1201,1196,Success
Rhipidoglossum,TRUE,,716,712,Success
Diaphananthe,TRUE,,984,982,Success
Rangaeris,TRUE,,200,195,Success
Listrostachys,TRUE,,157,157,Success
Cyrtorchis,TRUE,,745,740,Success
Calyptrochilum,TRUE,,596,591,Success
Ansellia,TRUE,,306,297,Success
Auxopus,TRUE,,74,73,Success
Eggelingia,TRUE,,41,39,Success
Graphorkis,TRUE,,199,198,Success
Platycoryne,TRUE,,408,404,Success
Podangis,TRUE,,115,114,Success
Solenangis,TRUE,,249,247,Success
Dinklageella,TRUE,,51,50,Success
Poaephyllum,TRUE,,18,15,Success
Cleisocentron,TRUE,,15,15,Success
Cystorchis,TRUE,,48,47,Success
Herpysma,TRUE,,16,16,Success
Chamorchis,TRUE,,1105,1098,Success
Eurycentrum,TRUE,,33,33,Success
Luisia,TRUE,,260,250,Success
Thecostele,TRUE,,22,22,Success
Ania,TRUE,,73,73,Success
Stereosandra,TRUE,,29,29,Success
Stenoglottis,TRUE,,227,221,Success
Warrea,TRUE,,98,95,Success
Limodorum,TRUE,,722,721,Success
Porpax,TRUE,,308,305,Success
Pelexia,TRUE,,888,875,Success
Smitinandia,TRUE,,13,12,Success
Brownleea,TRUE,,318,318,Success
Manniella,TRUE,,88,88,Success
Angraecopsis,TRUE,,127,124,Success
Summerhayesia,TRUE,,37,36,Success
Centrostigma,TRUE,,37,36,Success
Diceratostele,TRUE,,52,46,Success
Gennaria,TRUE,,44,44,Success
Mystacidium,TRUE,,190,180,Success
Calypso,TRUE,,1562,1539,Success
Coenoemersa,TRUE,,164,148,Success
Barkeria,TRUE,,452,448,Success
Benthamia,TRUE,,225,222,Success
Clematepistephium,TRUE,,25,25,Success
Achlydosa,TRUE,,42,42,Success
Coilochilus,TRUE,,22,22,Success
Gonatostylis,TRUE,,66,65,Success
Jumellea,TRUE,,2095,2094,Success
Batemannia,TRUE,,101,100,Success
Aeranthes,TRUE,,1940,1940,Success
Lemurella,TRUE,,78,78,Success
Koellensteinia,TRUE,,598,595,Success
Traunsteinera,TRUE,,322,322,Success
Acampe,TRUE,,260,257,Success
Pachyplectron,TRUE,,25,25,Success
Oeonia,TRUE,,441,441,Success
Cattleya,TRUE,,3649,3601,Success
Octomeria,TRUE,,3007,2965,Success
Sobennikoffia,TRUE,,74,72,Success
Caularthron,TRUE,,207,203,Success
Erythrodes,TRUE,,74,71,Success
Cryptochilus,TRUE,,99,99,Success
Masdevallia,TRUE,,2841,2834,Success
Eltroplectris,TRUE,,293,293,Success
Huntleya,TRUE,,207,205,Success
Acianthera,TRUE,,6423,6409,Success
Prescottia,TRUE,,2012,2007,Success
Pabstia,TRUE,,44,42,Success
Promenaea,TRUE,,258,252,Success
Galeottia,TRUE,,168,166,Success
Capanemia,TRUE,,631,622,Success
Dryadella,TRUE,,419,419,Success
Isochilus,TRUE,,1503,1491,Success
Eriopsis,TRUE,,128,124,Success
Ornithocephalus,TRUE,,663,659,Success
Xerorchis,TRUE,,73,73,Success
Eurystyles,TRUE,,378,378,Success
Cranichis,TRUE,,1307,1304,Success
Anathallis,TRUE,,1515,1506,Success
Zygopetalum,TRUE,,1059,1052,Success
Pogoniopsis,TRUE,,39,39,Success
Sauroglossum,TRUE,,198,197,Success
Zygosepalum,TRUE,,137,137,Success
Lankesterella,TRUE,,237,235,Success
Zygostates,TRUE,,477,473,Success
Bifrenaria,TRUE,,775,773,Success
Sacoila,TRUE,,1893,1881,Success
Veyretia,TRUE,,294,293,Success
Otoglossum,TRUE,,326,326,Success
Isabelia,TRUE,,289,288,Success
Quekettia,TRUE,,40,37,Success
Hapalorchis,TRUE,,189,184,Success
Phymatidium,TRUE,,656,651,Success
Grandiphyllum,TRUE,,320,312,Success
Pseudolaelia,TRUE,,383,377,Success
Calopogon,TRUE,,1714,1701,Success
Pogonia,TRUE,,1641,1631,Success
Arethusa,TRUE,,422,421,Success
Ionopsis,TRUE,,558,558,Success
Tolumnia,TRUE,,200,186,Success
Tetramicra,TRUE,,79,78,Success
Broughtonia,TRUE,,49,46,Success
Warczewiczella,TRUE,,113,111,Success
Dendrophylax,TRUE,,70,66,Success
Dilomilis,TRUE,,50,50,Success
Dinema,TRUE,,168,167,Success
Aplectrum,TRUE,,405,405,Success
Guarianthe,TRUE,,487,479,Success
Leochilus,TRUE,,336,336,Success
Dichromanthus,TRUE,,774,769,Success
Mormodes,TRUE,,250,249,Success
Crossoliparis,TRUE,,13,13,Success
Deiregyne,TRUE,,236,231,Success
Laelia,TRUE,,809,796,Success
Cuitlauzina,TRUE,,211,204,Success
Myrmecophila,TRUE,,264,230,Success
Clowesia,TRUE,,116,115,Success
Greenwoodiella,TRUE,,94,77,Success
Aulosepalum,TRUE,,275,274,Success
Tamayorkis,TRUE,,164,161,Success
Lyroglossa,TRUE,,52,50,Success
Thysanoglossa,TRUE,,9,9,Success
Skeptrostachys,TRUE,,371,370,Success
Brassavola,TRUE,,1328,1306,Success
Aganisia,TRUE,,206,205,Success
Duckeella,TRUE,,97,97,Success
Echinosepala,TRUE,,141,138,Success
Psychilis,TRUE,,59,50,Success
Cleistesiopsis,TRUE,,131,127,Success
Polycycnis,TRUE,,84,77,Success
Isotria,TRUE,,595,594,Success
Otostylis,TRUE,,55,55,Success
Chondroscaphe,TRUE,,51,43,Success
Plectrophora,TRUE,,57,56,Success
Cleisostomopsis,TRUE,,9,9,Success
Solenidium,TRUE,,30,29,Success
Crossoglossa,TRUE,,179,177,Success
Campanulorchis,TRUE,,59,53,Success
Kefersteinia,TRUE,,135,134,Success
Lepanthopsis,TRUE,,228,228,Success
Scaphosepalum,TRUE,,348,342,Success
Stenorrhynchos,TRUE,,232,230,Success
Degranvillea,TRUE,,6,6,Success
Wullschlaegelia,TRUE,,469,467,Success
Baskervilla,TRUE,,130,126,Success
Arpophyllum,TRUE,,484,480,Success
Altensteinia,TRUE,,218,218,Success
Brachionidium,TRUE,,294,288,Success
Scuticaria,TRUE,,83,82,Success
Restrepia,TRUE,,266,261,Success
Caucaea,TRUE,,107,104,Success
Leptotes,TRUE,,325,323,Success
Rhynchostylis,TRUE,,53,44,Success
Pseuderia,TRUE,,35,34,Success
Macroclinium,TRUE,,158,158,Success
Psilochilus,TRUE,,333,323,Success
Pteroglossa,TRUE,,147,145,Success
Porphyrostachys,TRUE,,53,52,Success
Xylobium,TRUE,,844,834,Success
Trichopilia,TRUE,,267,264,Success
Cyrtochiloides,TRUE,,61,58,Success
Uleiorchis,TRUE,,41,41,Success
Houlletia,TRUE,,92,89,Success
Platystele,TRUE,,1020,990,Success
Sirindhornia,TRUE,,6,3,Success
Mesadenus,TRUE,,192,189,Success
Telipogon,TRUE,,594,594,Success
Ida,TRUE,,195,191,Success
Madisonia,TRUE,,158,156,Success
Helonoma,TRUE,,36,36,Success
Cochleanthes,TRUE,,55,54,Success
Pterichis,TRUE,,266,266,Success
Orleanesia,TRUE,,114,113,Success
Myoxanthus,TRUE,,685,681,Success
Oreorchis,TRUE,,457,455,Success
Thunia,TRUE,,37,32,Success
Codonorchis,TRUE,,70,69,Success
Tipularia,TRUE,,542,539,Success
Devogelia,TRUE,,3,3,Success
Chamaeanthus,TRUE,,6,6,Success
Cleisomeria,TRUE,,4,4,Success
Hylophila,TRUE,,23,22,Success
Schizochilus,TRUE,,397,397,Success
Ancistrochilus,TRUE,,72,72,Success
Lepidogyne,TRUE,,28,26,Success
Ludisia,TRUE,,73,59,Success
Rhynchogyna,TRUE,,3,3,Success
Cheiradenia,TRUE,,61,60,Success
Macropodanthus,TRUE,,2,2,Success
Diglyphosa,TRUE,,6,5,Success
Eurychone,TRUE,,33,31,Success
Bolusiella,TRUE,,161,160,Success
Paphinia,TRUE,,66,64,Success
Braemia,TRUE,,69,69,Success
Rudolfiella,TRUE,,112,109,Success
Macradenia,TRUE,,118,118,Success
Nohawilliamsia,TRUE,,40,35,Success
Lueckelia,TRUE,,17,7,Success
Cycnoches,TRUE,,186,184,Success
Dimerandra,TRUE,,391,387,Success
Trizeuxis,TRUE,,267,200,Success
Trisetella,TRUE,,124,124,Success
Cryptarrhena,TRUE,,111,107,Success
Comparettia,TRUE,,493,493,Success
Collabium,TRUE,,77,75,Success
Holcoglossum,TRUE,,132,131,Success
Diploprora,TRUE,,61,58,Success
Hsenhsua,TRUE,,8,8,Success
Changnienia,TRUE,,9,9,Success
Hancockia,TRUE,,7,7,Success
Cymbilabia,TRUE,,18,18,Success
Caluera,TRUE,,12,10,Success
Selenipedium,TRUE,,56,54,Success
Pendusalpinx,TRUE,,65,65,Success
Peristeria,TRUE,,54,53,Success
Chaubardiella,TRUE,,23,23,Success
Oestlundia,TRUE,,97,97,Success
Schiedeella,TRUE,,147,147,Success
Physogyne,TRUE,,7,7,Success
Homalopetalum,TRUE,,90,87,Success
Nemaconia,TRUE,,245,240,Success
Funkiella,TRUE,,161,149,Success
Paradisanthus,TRUE,,168,166,Success
Ophidion,TRUE,,33,33,Success
Myrosmodes,TRUE,,111,111,Success
Andinia,TRUE,,409,409,Success
Lueddemannia,TRUE,,10,9,Success
Guanchezia,TRUE,,31,24,Success
Dracula,TRUE,,417,412,Success
Stenoptera,TRUE,,39,38,Success
Porroglossum,TRUE,,97,96,Success
Coccineorchis,TRUE,,267,266,Success
Acrorchis,TRUE,,54,54,Success
Roeperocharis,TRUE,,37,37,Success
Gravendeelia,TRUE,,134,134,Success
Frondaria,TRUE,,45,45,Success
Chaubardia,TRUE,,59,59,Success
Grammangis,TRUE,,123,123,Success
Oeoniella,TRUE,,55,55,Success
Lacaena,TRUE,,15,15,Success
Pelatantheria,TRUE,,72,71,Success
Miltoniopsis,TRUE,,84,82,Success
Artorima,TRUE,,28,28,Success
Monophyllorchis,TRUE,,48,48,Success
Beloglottis,TRUE,,203,202,Success
Kionophyton,TRUE,,45,45,Success
Draconanthes,TRUE,,52,52,Success
Sievekingia,TRUE,,51,49,Success
Stenotyla,TRUE,,92,92,Success
Teuscheria,TRUE,,19,17,Success
Mesadenella,TRUE,,520,519,Success
Pseudocentrum,TRUE,,41,41,Success
Pleurothallopsis,TRUE,,86,86,Success
Rhyncholaelia,TRUE,,100,95,Success
Zootrophion,TRUE,,97,95,Success
Ceratandra,TRUE,,350,328,Success
Dimorphorchis,TRUE,,14,12,Success
Jejewoodia,TRUE,,9,9,Success
Nephrangis,TRUE,,21,21,Success
Orestias,TRUE,,22,22,Success
Cryptopus,TRUE,,275,275,Success
Oberonioides,TRUE,,8,8,Success
Sphyrarhynchus,TRUE,,43,43,Success
Polyotidium,TRUE,,17,17,Success
Orchipedum,TRUE,,4,4,Success
Dossinia,TRUE,,8,6,Success
Sertifera,TRUE,,83,83,Success
Aa,TRUE,,183,183,Success
Cyanaeorchis,TRUE,,128,128,Success
Galeoglossum,TRUE,,90,89,Success
Microthelys,TRUE,,50,48,Success
Trichoceros,TRUE,,85,83,Success
Restrepiella,TRUE,,108,100,Success
Hintonella,TRUE,,18,17,Success
Buchtienia,TRUE,,169,117,Success
Bipinnula,TRUE,,1448,1447,Success
Galeottiella,TRUE,,28,28,Success
Alamania,TRUE,,35,35,Success
Vitekorchis,TRUE,,59,59,Success
Zelenkoa,TRUE,,14,14,Success
Meiracyllium,TRUE,,103,102,Success
Chysis,TRUE,,95,93,Success
Dactylostalix,TRUE,,24,24,Success
Evotella,TRUE,,120,116,Success
Corycium,TRUE,,574,571,Success
Pachites,TRUE,,27,27,Success
Cirrhaea,TRUE,,116,114,Success
Ponera,TRUE,,35,34,Success
Neobathiea,TRUE,,51,50,Success
Sotoa,TRUE,,22,22,Success
Thelyschista,TRUE,,56,55,Success
Chamelophyton,TRUE,,2,2,Success
Quisqueya,TRUE,,1,1,Success
Espinhassoa,TRUE,,55,55,Success
Constantia,TRUE,,28,28,Success
Diplomeris,TRUE,,14,14,Success
Helleriella,TRUE,,15,15,Success
Hagsatera,TRUE,,22,22,Success
Yoania,TRUE,,82,82,Success
Risleya,TRUE,,12,11,Success
Eleorchis,TRUE,,33,32,Success
Odontorrhynchus,TRUE,,15,13,Success
Calymmanthera,TRUE,,3,3,Success
Ridleyella,TRUE,,7,7,Success
Hymenorchis,TRUE,,5,5,Success
Papuaea,TRUE,,1,1,Success
Pennilabium,TRUE,,6,6,Success
Thaia,TRUE,,3,3,Success
Veyretella,TRUE,,32,32,Success
Dresslerella,TRUE,,28,28,Success
Benzingia,TRUE,,30,30,Success
Diodonopsis,TRUE,,102,102,Success
Stellamaris,TRUE,,13,13,Success
Microepidendrum,TRUE,,7,7,Success
Coryanthes,TRUE,,129,127,Success
Ophioglossella,TRUE,,1,1,Success
Thecopus,TRUE,,13,12,Success
Stenia,TRUE,,26,25,Success
Bambuseria,TRUE,,4,4,Success
Tsaiorchis,TRUE,,8,8,Success
Dressleria,TRUE,,22,22,Success
Erasanthe,TRUE,,12,12,Success
Imerinaea,TRUE,,10,10,Success
Lycomormium,TRUE,,11,11,Success
Dunstervillea,TRUE,,2,2,Success
Oliveriana,TRUE,,38,38,Success
Megalorchis,TRUE,,1,1,Success
Tylostigma,TRUE,,30,30,Success
Vargasiella,TRUE,,26,26,Success
Vasqueziella,TRUE,,1,1,Success
Grobya,TRUE,,122,121,Success
Sarcoglyphis,TRUE,,13,13,Success
Chroniochilus,TRUE,,1,1,Success
Warmingia,TRUE,,44,44,Success
Cischweinfia,TRUE,,61,60,Success
Systeloglossum,TRUE,,37,37,Success
Quechua,TRUE,,11,11,Success
Euryblema,TRUE,,2,2,Success
Solenocentrum,TRUE,,19,19,Success
Kegeliella,TRUE,,15,14,Success
Embreea,TRUE,,4,4,Success
Tuberolabium,TRUE,,14,13,Success
Suarezia,TRUE,,1,1,Success
Hofmeisterella,TRUE,,20,20,Success
Pupulinia,TRUE,,6,6,Success
Eriodes,TRUE,,6,6,Success
Biermannia,TRUE,,6,6,Success
Sanderella,TRUE,,27,27,Success
Acanthophippium,TRUE,,14,14,Success
Huttonaea,TRUE,,79,79,Success
Adrorhizon,TRUE,,2,2,Success
Taprobanea,TRUE,,24,22,Success
Discyphus,TRUE,,12,12,Success
Chondrorhyncha,TRUE,,6,6,Success
Schlimia,TRUE,,5,5,Success
Steveniella,TRUE,,18,18,Success
Thulinia,TRUE,,7,7,Success
Sirhookera,TRUE,,6,6,Success
Amoana,TRUE,,5,4,Success
Halleorchis,TRUE,,4,4,Success
Echinorhyncha,TRUE,,5,5,Success
Eloyella,TRUE,,7,7,Success
Cybebus,TRUE,,6,4,Success
Oligophyton,TRUE,,1,1,Success
Platyrhiza,TRUE,,24,24,Success
Phloeophila,TRUE,,14,9,Success
Triceratorhynchus,TRUE,,13,13,Success
Ambrella,TRUE,,2,2,Success
Teagueia,TRUE,,33,33,Success
Anguloa,TRUE,,21,20,Success
Trevoria,TRUE,,11,10,Success
Dracomonticola,TRUE,,33,33,Success
Neogardneria,TRUE,,5,5,Success
Pseudogoodyera,TRUE,,15,7,Success
Mexipedium,TRUE,,2,2,Success
Ixyophora,TRUE,,19,19,Success
Horvatia,TRUE,,1,1,Success
Coeliopsis,TRUE,,3,3,Success
Warreella,TRUE,,7,7,Success
Soterosanthus,TRUE,,12,12,Success
Saundersia,TRUE,,10,10,Success
Cardiochilos,TRUE,,4,4,Success
Chytroglossa,TRUE,,9,4,Success
Loefgrenianthus,TRUE,,8,8,Success
Adamantinia,TRUE,,0,0,No valid records
Lemurorchis,TRUE,,4,4,Success
Daiotyla,TRUE,,9,9,Success
Pterostemma,TRUE,,10,8,Success
Horichia,TRUE,,1,1,Success
Chamaegastrodia,TRUE,,6,6,Success
Svenkoeltzia,TRUE,,5,5,Success
Aetheorhyncha,TRUE,,2,2,Success
Diplocentrum,TRUE,,3,3,Success
Fuertesiella,TRUE,,4,4,Success
Cotylolabium,TRUE,,6,5,Success
Nothostele,TRUE,,5,5,Success
Dyakia,TRUE,,2,1,Success
Warreopsis,TRUE,,22,22,Success
Schuitemania,TRUE,,1,1,Success
Ephippianthus,TRUE,,10,10,Success
Aracamunia,TRUE,,3,3,Success
Hoehneella,TRUE,,3,3,Success
Neomoorea,TRUE,,6,6,Success
Cottonia,TRUE,,1,1,Success
Seidenfadenia,TRUE,,1,1,Success
Dryadorchis,TRUE,,2,2,Success
Notyliopsis,TRUE,,1,1,Success
Ouratea,TRUE,,1,1,Success
Sauvagesia,TRUE,,2,2,Success
Vriesea,TRUE,,1,1,Success
Lankesteriana,TRUE,,4,4,Success
Quiina,TRUE,,1,1,Success
Pygmaeorchis,TRUE,,1,1,Success
Endlicheria,TRUE,,1,1,Success
Psychopsiella,TRUE,,2,2,Success
Rauhiella,TRUE,,2,2,Success
Andreettaea,TRUE,,540,540,Success
Scybalium,TRUE,,1,1,Success
Cadetia,TRUE,,0,0,No valid records
Paracaleana,TRUE,,5,5,Success
Cyanicula,TRUE,,0,0,No valid records
Chauliodon,TRUE,,0,0,No valid records
Mengzia,TRUE,,1,1,Success
Gunnarella,TRUE,,10,10,Success
Taeniorrhiza,TRUE,,0,0,No valid records
Pectinariella,TRUE,,0,0,No valid records
Centroglossa,TRUE,,0,0,No valid records
Genyorchis,TRUE,,0,0,No valid records
Stigmatosema,TRUE,,0,0,No valid records
Pachyphyllum,TRUE,,0,0,No valid records
Odontoglossum,TRUE,,31,24,Success
Selaginella,TRUE,,1,1,Success
Physurus,TRUE,,0,0,No valid records
